Title,Time,Rink
美 반도체 급락 여파… SK하이닉스·삼성전자 나란히 약세,2024-04-22,https://n.news.naver.com/mnews/article/417/0000997980?sid=101
"""SK하이닉스, TSMC와 협력은 이제 시작일뿐…목표가↑""-메리츠",2024-04-22,https://n.news.naver.com/mnews/article/015/0004975403?sid=101
"엔비디아 노리는 삼성, SK하이닉스 '맹추격' 나섰다",2024-04-22,https://n.news.naver.com/mnews/article/008/0005028411?sid=101
SK하이닉스-TSMC 기술 동맹...“6세대 HBM 공동 개발”,2024-04-19,https://n.news.naver.com/mnews/article/023/0003829308?sid=105
"삼성전자·SK하이닉스, 차세대 AI 반도체 선점 경쟁 격화",2024-04-21,https://n.news.naver.com/mnews/article/022/0003926137?sid=101
‘엔비디아 쇼크’에 삼성전자·SK하이닉스 등 반도체株↓ [증시이슈],2024-04-22,https://n.news.naver.com/mnews/article/243/0000058766?sid=101
'킹달러'에 외인 떠난 SK하이닉스·한미반도체…엔비디아發 악재까지,2024-04-22,https://n.news.naver.com/mnews/article/421/0007495082?sid=101
“반도체 잔치 다 끝났나”...엔비디아 폭락에 삼성·SK하이닉스 ‘초긴장’,2024-04-21,https://n.news.naver.com/mnews/article/009/0005291567?sid=101
"""엔비디아 –10% 야속하네""…삼성전자‧SK하이닉스 동반 '털썩'",2024-04-22,https://n.news.naver.com/mnews/article/586/0000077108?sid=101
'킹달러'에 외인 떠난 SK하이닉스·한미반도체…엔비디아發 악재까지,2024-04-22,https://n.news.naver.com/mnews/article/421/0007495082?sid=101
전자업계 1Q 실적 시즌 개막…삼성전자·SK하이닉스·LG전자 성적표는,2024-04-21,https://n.news.naver.com/mnews/article/421/0007494090?sid=101
"SK하이닉스, TSMC와 손잡고 HBM4 개발…""2026년 양산""",2024-04-19,https://n.news.naver.com/mnews/article/374/0000379953?sid=101
“반도체 잔치 다 끝났나”...엔비디아 폭락에 삼성·SK하이닉스 ‘초긴장’,2024-04-21,https://n.news.naver.com/mnews/article/009/0005291567?sid=101
"""엔비디아 –10% 야속하네""…삼성전자‧SK하이닉스 동반 '털썩'",2024-04-22,https://n.news.naver.com/mnews/article/586/0000077108?sid=101
1분기 시총 100조원 가까이 증가…SK하이닉스 30조원↑,2024-04-16,https://n.news.naver.com/mnews/article/001/0014632592?sid=101
"""메모리 성능 한계 돌파""…SK하이닉스, TSMC와 HBM4 고도화",2024-04-19,https://n.news.naver.com/mnews/article/015/0004974735?sid=101
"SK하이닉스 CEO ""AI기술 잠재력 무한""…美와 반도체 협력 강조",2024-04-18,https://n.news.naver.com/mnews/article/001/0014637696?sid=104
"SK하이닉스 CEO ""AI기술 잠재력 무한""…美와 반도체 협력 강조",2024-04-18,https://n.news.naver.com/mnews/article/001/0014637696?sid=104
SK하이닉스·TSMC…HBM4 공동 개발 추진,2024-04-19,https://n.news.naver.com/mnews/article/015/0004975067?sid=101
"SK하이닉스, TSMC와 손잡고 6세대 HBM 공동 개발",2024-04-19,https://n.news.naver.com/mnews/article/448/0000455746?sid=101
미 반도체 급락에 삼성전자·SK하이닉스 2~4%대 약세[핫스탁],2024-04-19,https://n.news.naver.com/mnews/article/003/0012500944?sid=101
"이재연 SK하이닉스 부사장 ""이머징 메모리, AI 시대 이끌 패러다임 제시""",2024-04-22,https://n.news.naver.com/mnews/article/031/0000830386?sid=101
"""SK하이닉스, HBM 경쟁 심화…추가 상승 여력 제한""-키움",2024-04-19,https://n.news.naver.com/mnews/article/015/0004974711?sid=101
